domain,subdomain,source_id,source_doc,source_lang,target_lang,direction,source_text,target_text
idiom,idiom_literal,idiom|idioms|000001|literal,Fijian Idioms - Copy.txt,fj,en,fj->en,Au butuka tu,"[Literal Translation:I am standing (on) my ground. islands, a kai-yanuyanu] [Meaning: This is a defiant response (said in a good natured way) to someone from another place who is acting with presumption. This might be said by a Vitilevu highlander to someone from the smaller]"
idiom,idiom_literal,idiom|idioms|000002|literal,Fijian Idioms - Copy.txt,fj,en,fj->en,baca kuita,[Literal Translation:octopus bait] [Meaning:An enticing hook that will surely succeed; inducement.]
idiom,idiom_literal,idiom|idioms|000003|literal,Fijian Idioms - Copy.txt,fj,en,fj->en,Basu bawara,"[Literal Translation:To break open an unopened flower shoot. Bawara is the spathe (unopened flower shoot) of the coconut palm. A spathe bursts open as it dries and matures, and reveals its flowers] [Meaning:that a person (usually young) wants to break free of discipline in the home, village or the workplace. The Flying Fox a fruit and insect eating bat is the inspiration of 4 idioms.]"
idiom,idiom_literal,idiom|idioms|000004|literal,Fijian Idioms - Copy.txt,fj,en,fj->en,beka ni bogi,[Literal Translation:the night bat] [Meaning:A person who is active only at night]
idiom,idiom_literal,idiom|idioms|000005|literal,Fijian Idioms - Copy.txt,fj,en,fj->en,bilo cicila,[Literal Translation:Like a leaky cup] [Meaning:that someone cannot be relied upon.]
idiom,idiom_literal,idiom|idioms|000006|literal,Fijian Idioms - Copy.txt,fj,en,fj->en,bilo vata,"[Literal Translation:usually said in jest as in Daru sa bilo vata or Kedaru sa bilo vata. Usually said as a joke by a man to a woman Lets share the same cup] [Meaning:It implies that they have much in common, and should have an intimate relationship]"
idiom,idiom_literal,idiom|idioms|000007|literal,Fijian Idioms - Copy.txt,fj,en,fj->en,butu cala,"[Literal Translation:to put ones foot on slippery ground] [Meaning:that someone makes a gaffe of impropriety in traditional custom, such as speaking out of turn in a formal situation.]"
idiom,idiom_literal,idiom|idioms|000008|literal,Fijian Idioms - Copy.txt,fj,en,fj->en,caqe veva,"[Literal Translation:to kick paper around] [Meaning:to fool around, doing nothing.]"
idiom,idiom_literal,idiom|idioms|000009|literal,Fijian Idioms - Copy.txt,fj,en,fj->en,cokacoka na vula,"[Literal Translation:trying to strike the moon (vula) with a spear] [Meaning:that one is too ambitious, striving for the impossible, This idiom often refers to a person desiring a certain romantic match that is impossible.]"
idiom,idiom_literal,idiom|idioms|000010|literal,Fijian Idioms - Copy.txt,fj,en,fj->en,curu vale,[Literal Translation:to enter a house or to sneak into a house] [Meaning:To abscond with someone elses spouse. Refers to a man taking another mans wife or taking in a mistress.]
idiom,idiom_literal,idiom|idioms|000011|literal,Fijian Idioms - Copy.txt,fj,en,fj->en,Dabe ena ibe qai kisi ki na tabakau,[Literal Translation:Sit on a fine mat then move to crude matting] [Meaning:Falling from high to low status.]
idiom,idiom_literal,idiom|idioms|000012|literal,Fijian Idioms - Copy.txt,fj,en,fj->en,Daru qai laki sota ki na gasau leka,[Literal Translation:We will meet next at the] [Meaning:that we are not likely to meet again]
idiom,idiom_literal,idiom|idioms|000013|literal,Fijian Idioms - Copy.txt,fj,en,fj->en,dau gasa yawa,"[Literal Translation:always wanting something that is inaccessible. ] [Meaning:This is often said of an individual who stays away from home, feeling more comfortable elsewhere]"
idiom,idiom_literal,idiom|idioms|000014|literal,Fijian Idioms - Copy.txt,fj,en,fj->en,domo ni belo,"[Literal Translation:The cry of a heron] [Meaning:that an individual has had a very light meal, perhaps just a cup of tea for lunch or dinner.]"
idiom,idiom_literal,idiom|idioms|000015|literal,Fijian Idioms - Copy.txt,fj,en,fj->en,dramica na vusi,"[Literal Translation:The cat licked it up] [Meaning:that some food or item is so relished / desirable that it disappeared quickly, or something has been stolen secretly.]"
idiom,idiom_literal,idiom|idioms|000016|literal,Fijian Idioms - Copy.txt,fj,en,fj->en,"Dromu na vula, dromu vata kei na kena kalokalo","[Literal Translation:The moon sets and its star sets with it] [Meaning:that the death of one individual can quickly bring on the death of a spouse, close relative or associate.]"
idiom,idiom_literal,idiom|idioms|000017|literal,Fijian Idioms - Copy.txt,fj,en,fj->en,Dua mai keri!,"[Literal Translation:Your turn! (to speak, tell a story, entertain the group). ] [Meaning:This is said by someone, in a pleasant tone, who has just finished telling a yarn]"
idiom,idiom_literal,idiom|idioms|000018|literal,Fijian Idioms - Copy.txt,fj,en,fj->en,Dui mate ga ena nona ucu ni vatu,"[Literal Translation:Each person is ready to die defending his home territory] [Meaning:that there is a close attachment to the land and when cornered, a Fijian will fight to the death.]"
idiom,idiom_literal,idiom|idioms|000019|literal,Fijian Idioms - Copy.txt,fj,en,fj->en,Dui seva ga na bua ka tea,[Literal Translation:You will reap the bua (frangipani) that you planted] [Meaning:You will reap what you sow. (Usually said when something bad happens to someone whose evil/negative behavior may have caused it.)]
idiom,idiom_literal,idiom|idioms|000020|literal,Fijian Idioms - Copy.txt,fj,en,fj->en,E dua ga na siga ni cola qele,[Literal Translation:It is only one day of carrying soil] [Meaning:as expressed in a conversation: Lets try hard to finish this work; we surely can finish it today.]
idiom,idiom_literal,idiom|idioms|000021|literal,Fijian Idioms - Copy.txt,fj,en,fj->en,E kauta tu ga na ketena,"[Literal Translation:He takes his stomach] [Meaning:that someone goes to a feast, dinner or function bringing only his/her stomach, with no food or gift, just to eat free.]"
idiom,idiom_literal,idiom|idioms|000022|literal,Fijian Idioms - Copy.txt,fj,en,fj->en,E lauta na bici na kena ikolo,[Literal Translation:The bici bird gets hit with the projectile meant for it] [Meaning:that someone gets a just punishment. The punishment fits the crime. Fijian idioms on the coconutshell cup.]
idiom,idiom_literal,idiom|idioms|000023|literal,Fijian Idioms - Copy.txt,fj,en,fj->en,E sega ni dua na nomu baigani eke,[Literal Translation:Its none of your eggplant] [Meaning:Its none of your business.]
idiom,idiom_literal,idiom|idioms|000024|literal,Fijian Idioms - Copy.txt,fj,en,fj->en,E sega ni rogo mai na toa mai na nomu koro,[Literal Translation:The fowl crying] [Meaning:nothing here.]
idiom,idiom_literal,idiom|idioms|000025|literal,Fijian Idioms - Copy.txt,fj,en,fj->en,E sega ni vuka na kaka me biu toka na buina,[Literal Translation:The parrot will not fly leaving] [Meaning:The chief (or leader) will not go out to an important function without his ‘matanivanua’ (spokesman); Proverb usually uttered of something that is essential.]
idiom,idiom_literal,idiom|idioms|000026|literal,Fijian Idioms - Copy.txt,fj,en,fj->en,e tavidi na vusi,"[Literal Translation:to proceed quietly, as a cat moves] [Meaning:They went about their work quietly 9 kana yava ni toa Literally translated as to eat chicken feet Usually said to a child who is hyper-active, unable to sit still.]"
idiom,idiom_literal,idiom|idioms|000027|literal,Fijian Idioms - Copy.txt,fj,en,fj->en,E tubua na sala ki na nona koro,"[Literal Translation:The path to his/her village is overgrown] [Meaning:S/he has lost connection to the village and rarely visits it. To renew relations to ones village is cara sala to clear or sweep the path. It is a cultural process, requiring gifts of goods, and time spent to build affirming relations.]"
idiom,idiom_literal,idiom|idioms|000028|literal,Fijian Idioms - Copy.txt,fj,en,fj->en,E vaka e kana uvi kataka,[Literal Translation:] [Meaning:Someone is speaking so fast that what s/he is saying is not clear or not intelligible.]
idiom,idiom_literal,idiom|idioms|000029|literal,Fijian Idioms - Copy.txt,fj,en,fj->en,gunu wai ni bele,[Literal Translation:To drink the boiled juice of the hibiscus spinach (bele) (which is unpleasant!).] [Meaning:It means that someone is humiliated and / or being reprimanded]
idiom,idiom_literal,idiom|idioms|000030|literal,Fijian Idioms - Copy.txt,fj,en,fj->en,kana buta,[Literal Translation:to eat food that is cooked and ready. ] [Meaning:This refers to a person who expects to be fed or rewarded as if he had helped substantially in the work activity]
idiom,idiom_literal,idiom|idioms|000031|literal,Fijian Idioms - Copy.txt,fj,en,fj->en,kana cagi,[Literal Translation:to eat wind!] [Meaning:that someone has nothing to eat.]
idiom,idiom_literal,idiom|idioms|000032|literal,Fijian Idioms - Copy.txt,fj,en,fj->en,kana e bele ni ilalakai,[Literal Translation:to eat at the edge (bele) of the chiefly food-tray. ] [Meaning:This is said of a dependent or pretentious person who tries to act as if he is a member of the important household (when he is not)]
idiom,idiom_literal,idiom|idioms|000033|literal,Fijian Idioms - Copy.txt,fj,en,fj->en,kana vaka nasi,"[Literal Translation:eating like a nurse] [Meaning:that one eats delicately with overly refined, very careful manners. This comes from the notion that nurses are very careful in measuring out doses of medicine, and meticulous in their way of working.]"
idiom,idiom_literal,idiom|idioms|000034|literal,Fijian Idioms - Copy.txt,fj,en,fj->en,kana yava ni toa,"[Literal Translation:to eat chicken feet] [Meaning:Your authority is effective in your territory (Vanua), but is irrelevant here in this territory. Each can be a chief in his own land. U 1. were ubiubi Literally translated as “to fake the work of cutting grass, weeds, by just knocking vegetation down to lie against the ground.” Meaning: To pretend to work. This idiom may imply that someone is not telling the whole story, that they are concealing some truth. 2. Sega ni ura me sa tei damu . Literally translated as “no prawn just turns red (unless someone has cooked it.” Meaning: Where there is smoke there is fire. The truth will come out. There must be a cause for something to happen, and the truth will be known. V and Y 1. vaka e vidi na ura Literally translated as “like a prawn springing into action.” Meaning: It conveys the notion of something that jumps suddenly into action, as the prawn does. 2. Sa viritaki na kena vatu . Literally translated as “a stone has already been thrown at it.” | It is already decisively rejected. Can also mean that the decision has been made to quit something, such as a game. A child may spit on a stone and throw the stone into the bushes to indicate that he is quitting a game. The notion is that if you found the stone he would be forced to stay 3. veivunauci vaka i Ra kasala . Literally translated as “to give advice as a kasala fish does” Meaning: You are good at giving advice but failing to follow that advice yourself. 4. Sa suasua na yavamu . Literally translated as “Your legs are still wet” This implies that you are new to this place, having just arrived ashore. You are a newcomer here and should not speak with assurance. 6. Yavita dole na mataisau Literally translated as “to club the carpenter prematurely.” | To judge a job prematurely before the work has been completed.]"
idiom,idiom_literal,idiom|idioms|000035|literal,Fijian Idioms - Copy.txt,fj,en,fj->en,kasivita na vale,[Literal Translation:to spit (or simulate) spitting on the house. ] [Meaning:This refers to celebrating the completion of a newly constructed home. This is usually fun filled kava drinking with the home owner as host. The celebration is called ikasiviti ni vale]
idiom,idiom_literal,idiom|idioms|000036|literal,Fijian Idioms - Copy.txt,fj,en,fj->en,katakata vakurokava,"[Literal Translation:like a tin pot that heats up quickly (and then cools off very quickly too) quickly] [Meaning: It refers to a persons temperament becoming quickly hot then quickly cold. People may start off some activity with great enthusiasm, but may lose interest]"
idiom,idiom_literal,idiom|idioms|000037|literal,Fijian Idioms - Copy.txt,fj,en,fj->en,"kemu isau, sa vuni tu",[Literal Translation:your reward remains concealed] [Meaning:Your reward (success) will come in time.]
idiom,idiom_literal,idiom|idioms|000038|literal,Fijian Idioms - Copy.txt,fj,en,fj->en,kena na isamu ni dawa,[Literal Translation:S/he has been struck by the projectile] [Meaning:that someone has suffered from someone else’s actions. .]
idiom,idiom_literal,idiom|idioms|000039|literal,Fijian Idioms - Copy.txt,fj,en,fj->en,Ketekete ni bici na lomalagi,[Literal Translation:like the breast of the bici] [Meaning:it is a fine clear sky with light strips of cloud]
idiom,idiom_literal,idiom|idioms|000040|literal,Fijian Idioms - Copy.txt,fj,en,fj->en,Ki Namuka vata ga nikua,[Literal Translation:We will all reach Namuka today] [Meaning:that it makes no difference if one travels one way or another. The result is the same. We will all get there at the same time.]
idiom,idiom_literal,idiom|idioms|000040|literal,Fijian Idioms - Copy.txt,fj,en,fj->en,kila vakasigalevu,[Literal Translation:know by noon] [Meaning:To know something very clearly.]
idiom,idiom_literal,idiom|idioms|000040|literal,Fijian Idioms - Copy.txt,fj,en,fj->en,Kunekune dredre na yaloka ni dilio,[Literal Translation:Difficult to find an egg of the Dilio( Endangered Bird).] [Meaning:A person has rare qualities of integrity and positive values. | Something that happens suddenly or at short notice which rarely would happen in normal circumstances. Implies challenges of achieving it]
idiom,idiom_literal,idiom|idioms|000040|literal,Fijian Idioms - Copy.txt,fj,en,fj->en,lako vakabeka or vuka vakabeka,[Literal Translation:to go like a bat or to fly like a bat] [Meaning:that someone takes his own food when going on a journey or that someone finds ones own food and thus is not dependent on others. (Sometimes it has subtle connotations of someone being westernized!)]
idiom,idiom_literal,idiom|idioms|000040|literal,Fijian Idioms - Copy.txt,fj,en,fj->en,lauti koya na sui ni kena,[Literal Translation:The fish-bone from his own food pierced him] [Meaning:that he got caught in his own trap.]
idiom,idiom_literal,idiom|idioms|000040|literal,Fijian Idioms - Copy.txt,fj,en,fj->en,lave na rara,[Literal Translation:lifted up the playing field] [Meaning:that the visiting team has won.]
idiom,idiom_literal,idiom|idioms|000040|literal,Fijian Idioms - Copy.txt,fj,en,fj->en,leka na noqu iqilai,"[Literal Translation:My iqilai is too short iqilai is the wooden crook used to pull and gather grass to be cut when clearing land, or used to roll up a carpet of grass after it is cut loose with the knife. It is also used to pull down branches to reach fruit to be picked] [Meaning:I do not have the power or authority to do that. That is beyond my reach.]"
idiom,idiom_literal,idiom|idioms|000040|literal,Fijian Idioms - Copy.txt,fj,en,fj->en,lesu tale na koli i na nona lua,[Literal Translation:The dog returns to its vomit] [Meaning:that one desires what has been previously rejected.]
idiom,idiom_literal,idiom|idioms|000040|literal,Fijian Idioms - Copy.txt,fj,en,fj->en,lumuta na moivi,[Literal Translation:to oil the moivi war club. (Moivi was a type of warclub made from the moivi tree.)] [Meaning:that someone is retelling or rehashing a well- worn story. To continue relating stale news.]
idiom,idiom_literal,idiom|idioms|000040|literal,Fijian Idioms - Copy.txt,fj,en,fj->en,"Lutu na niu, lutu ki vuna ",[Literal Translation: A coconut falls close to its roots] [Meaning:Children’s personality or behavior will closely imitate what they have been taught (or how they have been reared) in their homes]
idiom,idiom_literal,idiom|idioms|000040|literal,Fijian Idioms - Copy.txt,fj,en,fj->en,Maca na wai ka boko na buka,"[Literal Translation:Theres no more water and the fire has gone out] [Meaning:that the cupboard is bare in the sense that there is no more kava, tobacco, food etc.]"
idiom,idiom_literal,idiom|idioms|000040|literal,Fijian Idioms - Copy.txt,fj,en,fj->en,macake na beka,"[Literal Translation:The bat is diabetic. ] [Meaning:Idiom is said in jest as bats are never affected by eating sweet things as humans do. It may mean that, for example, A lady has worn a dress or ornament that is overdone (over-dressed) that even bats may be affected by the excessive sweetness. May also be said of a very enticing explanation that is overdone. (Idiom is usually said in a good natured way.)]"
idiom,idiom_literal,idiom|idioms|000040|literal,Fijian Idioms - Copy.txt,fj,en,fj->en,malumalumu vakacikinovu,"[Literal Translation:looks weak like a centipede] [Meaning:that a man may looks harmless but is dangerous like a centipede,]"
idiom,idiom_literal,idiom|idioms|000040|literal,Fijian Idioms - Copy.txt,fj,en,fj->en,Maqa na leqa! Sa matua na raisi,[Literal Translation:There is no problem! There is rice at hand. It implies that we should not be worried. Everything is okay] [Meaning:]
idiom,idiom_literal,idiom|idioms|000040|literal,Fijian Idioms - Copy.txt,fj,en,fj->en,matai via kana vuaka,[Literal Translation:The carpenter who wants to eat pork ] [Meaning:It refers to a person who might pretend to be hard working and skilled but is only interested in how the work is rewarded]
idiom,idiom_literal,idiom|idioms|000040|literal,Fijian Idioms - Copy.txt,fj,en,fj->en,"Mate na toa, kena isau na bici","[Literal Translation:The chicken is dead, (given away or stolen), and all that is given in return is a bici (small bird)] [Meaning:that the exchange is not of equal value.]"
idiom,idiom_literal,idiom|idioms|000040|literal,Fijian Idioms - Copy.txt,fj,en,fj->en,Mate o vale dua ka bula ko vale rua.,"[Literal Translation:One lives well who can eat at two different houses but might die of hunger if one eats only at ones own family home with natural politeness] [Meaning:Usually said good naturedly to someone invited to join in eating a meal at someone elses house, who declines]"
idiom,idiom_literal,idiom|idioms|000040|literal,Fijian Idioms - Copy.txt,fj,en,fj->en,mate vakabalabala,"[Literal Translation:To die like a fern tree. ] [Meaning:The idiom indicates that someone died childless, like a fern tree (balabala). The fern that grows abundantly in forests does not have suckers or seeds.(Editors Note: It grows through its spores.)]"
idiom,idiom_literal,idiom|idioms|000040|literal,Fijian Idioms - Copy.txt,fj,en,fj->en,Me ra leuta mada na malamala mai na matadra,"[Literal Translation:Please remove the beam (or plank) in your eye] [Meaning:that it is the height of hypocrisy to point out a minor flaw (sin) in another, when your sins are much worse]"
idiom,idiom_literal,idiom|idioms|000040|literal,Fijian Idioms - Copy.txt,fj,en,fj->en,"Meca i a fika ga, or Meca qo na fika ga",[Literal Translation:The thing is to think it through] [Meaning:that things will be done or solved in due time (by hook or by crook!)]
idiom,idiom_literal,idiom|idioms|000040|literal,Fijian Idioms - Copy.txt,fj,en,fj->en,Mo muria na nomu gaunisala,"[Literal Translation:You should follow your appropriate path] [Meaning:that one is to follow proper protocol, as in the formalities of entering a village, or approaching a chief.]"
idiom,idiom_literal,idiom|idioms|000040|literal,Fijian Idioms - Copy.txt,fj,en,fj->en,Na dalo e tei ka vakasulina,"[Literal Translation:Taro is planted and has suckers] [Meaning:that a woman has responsible, caring parents who must be approached traditionally by a suitor seeking her hand in marriage.]"
idiom,idiom_literal,idiom|idioms|000040|literal,Fijian Idioms - Copy.txt,fj,en,fj->en,Na dalo e tei ka vakasulina .,"[Literal Translation:Planted taro has suckers.] [Meaning:Girls are fed and brought up in homes with great affection and respect. Strongly implies that suitors should respectfully ask parents for permission to marry their daughters (rather than eloping) (9) E vaka e kana uvi kataka: Translation: It’s like he’s eating a hot piece of yam Someone is speaking so fast that what s/he is saying is not clear or not intelligible. (10) Vaka e cavu na dalo matua . Translation: It’s like pulling matured taro from the farm. Refers to an individual who responds quickly to a request without complaining. (The hard working individual is being compared to a matured taro.) (11) Voci vaka vudi : Translation: It’s like peeling a (ripe or well cooked) plantain. 1: A person’s explanation is very clear and easily understood. 2: Something done very easily, quickly with no effort, such as in removing the skin of plantain fruit, to gush forth with the whole story. Fijian Idioms (listed in alp habetical order)]"
idiom,idiom_literal,idiom|idioms|000040|literal,Fijian Idioms - Copy.txt,fj,en,fj->en,Na nomu dodomo sa vaka e dua na tiaina dreu,[Literal Translation:Your love is like a ripe banana] [Meaning:that it is puppy love. It wont last.]
idiom,idiom_literal,idiom|idioms|000040|literal,Fijian Idioms - Copy.txt,fj,en,fj->en,niu ga kei madrai,"[Literal Translation:Its just a matter of coconuts and bread.  things that are of equal value] [Meaning:It is just the same whether I say 6 of 12, or half a dozen. There is no difference. There is nothing much to choose between them. Its nothing special, just routine (of people), comparing two]"
idiom,idiom_literal,idiom|idioms|000040|literal,Fijian Idioms - Copy.txt,fj,en,fj->en,Oi au sa kara,[Literal Translation:I am still thirsty. ] [Meaning:It implies that the person wants another mix of kava]
idiom,idiom_literal,idiom|idioms|000040|literal,Fijian Idioms - Copy.txt,fj,en,fj->en,Qalova uaua na moka,[Literal Translation:Swimming on shallow reef.] [Meaning:To do something at an inappropriate time which may lead to personal life risks. | Someone who is very young and trying to act in a mature adult -like manner.]
idiom,idiom_literal,idiom|idioms|000040|literal,Fijian Idioms - Copy.txt,fj,en,fj->en,qase molau,"[Literal Translation:old man resembling the molau. heartwood though the outside wood and bark look aged] [Meaning: It refers to a man who is no longer young but acts as if younger than his years, particularly in relation to women (sexually active), an expression used in humor. The molau tree has young-looking]"
idiom,idiom_literal,idiom|idioms|000040|literal,Fijian Idioms - Copy.txt,fj,en,fj->en,rekirekitaki waqa vou,"[Literal Translation:being thrilled over a new boat] [Meaning:To fill thrilled over something (for example a child with a new toy) over a short period until its novelty wears off. Also refers to an emotion that will soon pass,]"
idiom,idiom_literal,idiom|idioms|000040|literal,Fijian Idioms - Copy.txt,fj,en,fj->en,Rogo ikuru,[Literal Translation:Hearing about it] [Meaning:that someone intrudes into an event or feast without being invited. The person crashed the party by just hearing about it.]
idiom,idiom_literal,idiom|idioms|000040|literal,Fijian Idioms - Copy.txt,fj,en,fj->en,Sa daba!,[Literal Translation:Fantastic!] [Meaning:Thats marvelous]
idiom,idiom_literal,idiom|idioms|000040|literal,Fijian Idioms - Copy.txt,fj,en,fj->en,Sa dre ko Malolo,"[Literal Translation:Malolo is pulling or The sun is setting. (Malolo Island is in the west of Vitilevu Island, off the coast of Nadi).] [Meaning: It may mean that something is coming to an end. It can also mean that time is being wasted in idleness]"
idiom,idiom_literal,idiom|idioms|000040|literal,Fijian Idioms - Copy.txt,fj,en,fj->en,Sa dreu na kena leba,"[Literal Translation:the leba fruit is ripe. (Leba is an indigenous forest tree with white flowers, highly scented ribbed fruit, deep purple when fully ripe and used as a dye. Women also use its scented fruit in garlands.)] [Meaning:that everything is going very well and done in a timely manner.]"
idiom,idiom_literal,idiom|idioms|000040|literal,Fijian Idioms - Copy.txt,fj,en,fj->en,Sa dui cagi ni toba,"[Literal Translation:Each bay has its own different wind] [Meaning:Your authority is effective in your territory (Vanua), but is irrelevant here in this territory. Each can be a chief in his own land.]"
idiom,idiom_literal,idiom|idioms|000040|literal,Fijian Idioms - Copy.txt,fj,en,fj->en,Sa kala na matanisiga,[Literal Translation:The sun is setting] [Meaning:that someone is getting old.]
idiom,idiom_literal,idiom|idioms|000040|literal,Fijian Idioms - Copy.txt,fj,en,fj->en,Sa kua la na kana!,"[Literal Translation:No more eating. I do not feel like eating. ] [Meaning:playful, flattering words said to a pretty girl. It implies that she is so pretty that an admirer looking at her has filled his stomach up that he does not feel like eating]"
idiom,idiom_literal,idiom|idioms|000040|literal,Fijian Idioms - Copy.txt,fj,en,fj->en,Sa lala tu na koro,[Literal Translation:The village is empty (of people) ] [Meaning:It may mean that the chief is absent or that a chief has not been installed yet]
idiom,idiom_literal,idiom|idioms|000040|literal,Fijian Idioms - Copy.txt,fj,en,fj->en,Sa lili toka na noke,[Literal Translation:The seafood basket is still hanging up (and you have not yet gone fishing)] [Meaning:Dont talk about what will be achieved till the work is underway.]
idiom,idiom_literal,idiom|idioms|000040|literal,Fijian Idioms - Copy.txt,fj,en,fj->en,Sa moce na koli e matadravu,[Literal Translation:The dog sleeps in the fireplace (where food is cooked)] [Meaning:that there is no food at home.]
idiom,idiom_literal,idiom|idioms|000040|literal,Fijian Idioms - Copy.txt,fj,en,fj->en,sa na siri na duamu,[Literal Translation:your legs will get knocked out from under you.] [Meaning: Usually said to a man attracted to a girl that he will fall hopelessly in love.]
idiom,idiom_literal,idiom|idioms|000040|literal,Fijian Idioms - Copy.txt,fj,en,fj->en,Sa sere na koli,[Literal Translation:The dog is let off the leash ] [Meaning:This idiom refers to people suddenly freed from restriction or discipline who may act a little wild]
idiom,idiom_literal,idiom|idioms|000040|literal,Fijian Idioms - Copy.txt,fj,en,fj->en,Sa suasua na yavamu,"[Literal Translation:Your legs are still wet ] [Meaning:This implies that you are new to this place, having just arrived ashore. You are a newcomer here and should not speak with assurance]"
idiom,idiom_literal,idiom|idioms|000040|literal,Fijian Idioms - Copy.txt,fj,en,fj->en,Sa suru na belo,"[Literal Translation:The heron has sneezed] [Meaning:that the allocated work for the day is done. It has been completed. Fijian idioms on bici, the banded rail bird.]"
idiom,idiom_literal,idiom|idioms|000040|literal,Fijian Idioms - Copy.txt,fj,en,fj->en,Sa vaka na siko dai,[Literal Translation:It is like checking the (animal) trap (with frequent regular visits) ] [Meaning:Implying that the visitor is perhaps too pressing; too frequent]
idiom,idiom_literal,idiom|idioms|000040|literal,Fijian Idioms - Copy.txt,fj,en,fj->en,Sa viritaki na kena vatu,"[Literal Translation:a stone has already been thrown at it] [Meaning:It is already decisively rejected. Can also mean that the decision has been made to quit something, such as a game. A child may spit on a stone and throw the stone into the bushes to indicate that he is quitting a game. The notion is that if you found the stone he would be forced to stay]"
idiom,idiom_literal,idiom|idioms|000040|literal,Fijian Idioms - Copy.txt,fj,en,fj->en,samusamu beka,[Literal Translation:bat idling] [Meaning:Standing idly while others work.]
idiom,idiom_literal,idiom|idioms|000040|literal,Fijian Idioms - Copy.txt,fj,en,fj->en,Sega ni ura me sa tei damu,[Literal Translation:No prawn turns red unless cooked] [Meaning:Where there’s smoke there’s fire; the truth emerges.]
idiom,idiom_literal,idiom|idioms|000040|literal,Fijian Idioms - Copy.txt,fj,en,fj->en,sili vaka ga (siliva vaka maina),"[Literal Translation:to bathe like a duck or a mynah bird ] [Meaning:Usually said to a child who takes a quick, superficial bath, not bathing properly]"
idiom,idiom_literal,idiom|idioms|000040|literal,Fijian Idioms - Copy.txt,fj,en,fj->en,silima na gau ni dali,[Literal Translation:to dive for the middle (rather than the end) of a rope fallen in the water] [Meaning:that someone intrudes in a conversation.]
idiom,idiom_literal,idiom|idioms|000040|literal,Fijian Idioms - Copy.txt,fj,en,fj->en,Sinai na noqu noke,[Literal Translation:My (seafood) basket (noke) is full] [Meaning:]
idiom,idiom_literal,idiom|idioms|000040|literal,Fijian Idioms - Copy.txt,fj,en,fj->en,Sivi mada na veikau qai kalu,[Literal Translation:Go past the forest before you start whistling] [Meaning:Finish before boasting; don’t celebrate too early.]
idiom,idiom_literal,idiom|idioms|000040|literal,Fijian Idioms - Copy.txt,fj,en,fj->en,solia na kesuna,[Literal Translation:to turn ones back (in disdain)] [Meaning:To reject an approach or request.]
idiom,idiom_literal,idiom|idioms|000040|literal,Fijian Idioms - Copy.txt,fj,en,fj->en,solisoli vakatoa,"[Literal Translation:give like a rooster (who offers the female some food in the beak and then grabs it back}] [Meaning:Giving and then taking back,]"
idiom,idiom_literal,idiom|idioms|000040|literal,Fijian Idioms - Copy.txt,fj,en,fj->en,"Sulukui na vudi, e dua e cika?",[Literal Translation:Sulukui na vudi refers to ripening stalks of plantain that are cut and covered with leaves on the ground but they do not deceive the kikau birds. e dua e cika? Does someone have conjunctivitis?  (That s/he is not able to see that the ripe plantain are concealed with leaves)] [Meaning:You are trying to hide something from me as if I cannot see clearly.]
idiom,idiom_literal,idiom|idioms|000040|literal,Fijian Idioms - Copy.txt,fj,en,fj->en,tabu rogoca na kere ni cakau,[Literal Translation:does not listen to the sound of the waves crashing against the reef. ] [Meaning:Usually said of one who does not listen to instructions or good advice]
idiom,idiom_literal,idiom|idioms|000040|literal,Fijian Idioms - Copy.txt,fj,en,fj->en,tagitagica na yaloka ni mata ni vonu,"[Literal Translation:to cry for/like the eyes of a turtle. (When caught and beached the turtles eyes exude tears, appearing to cry. Those tears are in vain.)] [Meaning:This applies to someone who yearns for what is impossible.]"
idiom,idiom_literal,idiom|idioms|000040|literal,Fijian Idioms - Copy.txt,fj,en,fj->en,tala or tala simede,[Literal Translation:to unload cement] [Meaning:It may refer to having sex after long abstinence. (b) vaqara tala Literally translated as to go and unload. Meaning: To look for sexual opportunities. (c) Me laki rawataki ikeri na nomu tala? You are going to try your luck there at having sex?]
idiom,idiom_literal,idiom|idioms|000040|literal,Fijian Idioms - Copy.txt,fj,en,fj->en,talai vakatoa,"[Literal Translation:sent on an errand like a chicken. ] [Meaning:Usually said in reference to a child who is slow and unreliable when sent on an errand. (Like a chicken, the child is diverted, losing track of the purpose of the mission.)]"
idiom,idiom_literal,idiom|idioms|000040|literal,Fijian Idioms - Copy.txt,fj,en,fj->en,tali magimagi,[Literal Translation:to plait sinnet] [Meaning:To chat together. To tell a story or report in very great detail.]
idiom,idiom_literal,idiom|idioms|000040|literal,Fijian Idioms - Copy.txt,fj,en,fj->en,tamata curu-suka,[Literal Translation:person entering in and out] [Meaning:An offender who is regularly in and out of prison.]
idiom,idiom_literal,idiom|idioms|000040|literal,Fijian Idioms - Copy.txt,fj,en,fj->en,tamata vakaicaqe,[Literal Translation:someone capable of kicking! ] [Meaning:It implies that a particular individual is an influential person. Implies that one is rich and powerful]
idiom,idiom_literal,idiom|idioms|000040|literal,Fijian Idioms - Copy.txt,fj,en,fj->en,Tara na dike ni niu qai kevu,"[Literal Translation:touched the dike, the central branch of a bunch of coconuts then fell. This assumes that someone climbed a coconut tree (to get coconuts) but quit the effort after reaching close to the (dike) goal] [Meaning:that someone did not accomplish what he set out to do.]"
idiom,idiom_literal,idiom|idioms|000040|literal,Fijian Idioms - Copy.txt,fj,en,fj->en,tara reveni,"[Literal Translation:to touch the ribbon] [Meaning:To reach the limit, accomplish the goal (sometimes said when drinking yaqona), come to the end.]"
idiom,idiom_literal,idiom|idioms|000040|literal,Fijian Idioms - Copy.txt,fj,en,fj->en,tara-koro,"[Literal Translation:to build/touch village] [Meaning:To gossip together, as an informal group, about people, relatives, news from the villages (koro).]"
idiom,idiom_literal,idiom|idioms|000040|literal,Fijian Idioms - Copy.txt,fj,en,fj->en,"Toro cake na ua, toro cake na kolokolo",[Literal Translation:Waves rise and the swimmer tries to go higher] [Meaning:Youthful arrogance; ignoring elders’ advice.]
idiom,idiom_literal,idiom|idioms|000040|literal,Fijian Idioms - Copy.txt,fj,en,fj->en,"Tu na inima, ka luvu na waqa",[Literal Translation:the bailer was there but the boat sank] [Meaning:that the solution (to a problem) was at hand but nobody thought of it.]
idiom,idiom_literal,idiom|idioms|000040|literal,Fijian Idioms - Copy.txt,fj,en,fj->en,tuvani vaka bati ni beka ,[Literal Translation:Very neatly arranged like the teeth of a bat] [Meaning:]
idiom,idiom_literal,idiom|idioms|000040|literal,Fijian Idioms - Copy.txt,fj,en,fj->en,ucu mai duru,"[Literal Translation:Taking out of the knee or Like a nose growing out of the knee] [Meaning:that it is fiction, unbelievable, a tall tale.]"
idiom,idiom_literal,idiom|idioms|000040|literal,Fijian Idioms - Copy.txt,fj,en,fj->en,"Ucu ni vatu na kena vivili or in speech “ Qarauna ga, ucu ni vatu na kena",[Literal Translation:Long rock with vivili or living creatures.] [Meaning:The girls are there but they have someone to protect them.]
idiom,idiom_literal,idiom|idioms|000040|literal,Fijian Idioms - Copy.txt,fj,en,fj->en,vaka e cavu na dalo matua,[Literal Translation:like mature taro being pulled out of the ground easily] [Meaning:that something is done easily and quickly.]
idiom,idiom_literal,idiom|idioms|000040|literal,Fijian Idioms - Copy.txt,fj,en,fj->en,vaka e siri na saku,[Literal Translation:like the saku skims on the surface] [Meaning:Someone is very fast. Saku is the edible garfish which skims on the surface of lagoons.]
idiom,idiom_literal,idiom|idioms|000040|literal,Fijian Idioms - Copy.txt,fj,en,fj->en,vaka e vidi na ura,"[Literal Translation:like a prawn springing into action] [Meaning:It conveys the notion of something that jumps suddenly into action, as the prawn does.]"
idiom,idiom_literal,idiom|idioms|000040|literal,Fijian Idioms - Copy.txt,fj,en,fj->en,vaka savu liga,"[Literal Translation:wash ones hands of any responsibility] [Meaning:A person is uninvolved, ineffectual and idle.]"
idiom,idiom_literal,idiom|idioms|000040|literal,Fijian Idioms - Copy.txt,fj,en,fj->en,vakabilo,[Literal Translation:S/he has a cup] [Meaning:that someone has occult powers derived from pouring a cup of yaqona (kava) to an evil spirit. of vakabilo in a positive sense is someone of chiefly rank who has been installed by having been given the official cup to drink. The individual has been given the ceremonial cup of yaqona (vagunuvi) to the chiefly position s/he has been installed in.]
idiom,idiom_literal,idiom|idioms|000040|literal,Fijian Idioms - Copy.txt,fj,en,fj->en,vakabula ika levu,[Literal Translation:The big one (fish) got away] [Meaning:that you missed your big chance. The big fish was saved (by escaping). .]
idiom,idiom_literal,idiom|idioms|000040|literal,Fijian Idioms - Copy.txt,fj,en,fj->en,vakania na qio,[Literal Translation:to feed the sharks] [Meaning:that one vomits at sea when seasick.]
idiom,idiom_literal,idiom|idioms|000040|literal,Fijian Idioms - Copy.txt,fj,en,fj->en,vakarokoroko vakanace,"[Literal Translation:showing respect like a mullet] [Meaning:To look for sexual opportunities. (c) Me laki rawataki ikeri na nomu tala? You are going to try your luck there at having sex? 5. tali magimagi Literally translated as “to plait sinnet.” Meaning: To chat together. To tell a story or report in very great detail. 6. tara-koro Literally translated as “to build/touch village.” Meaning: To gossip together, as an informal group, about people, relatives, news from the villages (koro). 7. tara reveni Literally translated as “to touch the ribbon,” Meaning: To reach the limit, accomplish the goal (sometimes said when drinking yaqona), come to the end. 8. e tavidi na vusi Literally translated as “to proceed quietly, as a cat moves.” Meaning: They went about their work quietly]"
idiom,idiom_literal,idiom|idioms|000040|literal,Fijian Idioms - Copy.txt,fj,en,fj->en,vakaseuta na bure ni kadi,[Literal Translation:to scratch into an ants nest] [Meaning:to stir up trouble.]
idiom,idiom_literal,idiom|idioms|000040|literal,Fijian Idioms - Copy.txt,fj,en,fj->en,"Vakavuti sara ga na rewai, qai vuku na kai Viti","[Literal Translation:As soon as the eel develops fur, then the Fijian will become wise] [Meaning:It will take a very long time to happen.]"
idiom,idiom_literal,idiom|idioms|000040|literal,Fijian Idioms - Copy.txt,fj,en,fj->en,vakuli-ni-dilo,"[Literal Translation:like the bark of a dilo tree. (Dilo is a seaside tree used for making wooden drums, furniture, boat keel)] [Meaning:that a man is very strong, implying that he is not easily hurt and having tough skin.]"
idiom,idiom_literal,idiom|idioms|000040|literal,Fijian Idioms - Copy.txt,fj,en,fj->en,veivunauci vaka i Ra kasala,[Literal Translation:to give advice as a kasala fish] [Meaning:You are good at giving advice but failing to follow that advice yourself.]
idiom,idiom_literal,idiom|idioms|000040|literal,Fijian Idioms - Copy.txt,fj,en,fj->en,Voci vaka vudi,"[Literal Translation:Easily peel like a vudi.] [Meaning:A person’s explanation is very clear and easily understood. | Something done very easily, quickly with no effort, such as in removing the skin of plantain fruit, to gush forth with the whole story. Fijian Idioms (listed in alp habetical order) B . baca kuita . Literally translated as “octopus bait.” The expression is usually used when enticing someone. In conversation, someone may ask in jest, “O iko baca cava?” What bait (enticement) are you using? The reply is, “Na baca kuita.” This implies something entici ng that will surely succeed! 2. E sega ni dua na nomu baigani eke . Literally translated as, “It’s none of your eggplant” meaning ‘It’s none of your business.’ 3. Vunibaka ga sa tevoro . Literally translated as “The banyan tree is the devil!” It means that a big person may on first impression look very impressive but beware as he can be dangerous too. 4. mate vakabalabala . Literally translated as “To die like a fern tree.” The idiom indicates that someone died childless, like a fern tree (balabala). The fern that grows abundantly in forests does not have suckers or seeds.(Editor’s Note: It grows through its spores.) 4. Vosa mada o iko, e rovu e liu na batimu. Literally translated as, “Please go ahead and talk, because your teeth sprouted first.” The expression is usually said in jest when two people talk at the same time. One will say, “Please go ahead and speak. You are my elder. Your teeth sprouted first.” 5. Basu bawara. Literally translated as “To break open an unopened flower shoot.” Bawara is the spathe (unopened flower shoot) of the coconut palm. A spathe bursts open as it dries and matures, and reveals its flowers. It means that a person (usually young) wants to brea k free of discipline in the home, village or the workplace. The Flying Fox a fruit and insect eating bat is the inspiration of 4 idioms. 6. (Slang idiom used especially amongst young people) beka ni bogi Literally translated as ‘the night bat” (Slang) A person who is active only at night. 7. lako vakabeka or vuka vakabeka. Literally translated as ”to go like a bat” or “to fly like a bat.” It means that someone takes his own food when going on a journey or that someone finds one’s own food and thus is not dependent on others. (Sometimes it has subtle connotations of someone being westernized!) 8. samusamu beka means that someone stands around idly while others are working. 9. tuvani vaka bati ni beka Literarily translated as “Very neatly arranged like the teeth of a bat. 10. gunu wai ni bele . Literally translated as ”To drink the boiled juice of the hibiscus spinach (bele) (which is unpleasant!).” It means that someone is humiliated and / or being reprimanded. The reef heron (belo) is the subject of 2 idioms: 11. domo ni belo Literally translated as “The cry of a heron.” It means that an individual has had a very light meal, perhaps just a cup of tea for lunch or dinner. 12. Sa suru na belo . Literally translated as “The heron has sneezed.” It means that the allocated work for the day is done. It has been completed. Fijian idioms on bici, the banded rail bird . 13. Ketekete ni bici na lomalagi translated as “It is a fine clear sky with light strips of cloud, like the breast of the bici.” 14. E lauta na bici na kena ikolo . Literally translated as “The bici bird gets hit with the projectile meant for it.” It means that someone gets a just punishment. The punishment fits the crime. Fijian idioms on the ‘coconut’ shell cup . 15. bilo cicila . Literally translated as, “Like a leaky cup.” It means that someone cannot be relied upon. 16. bilo vata (usually said in jest as in Daru sa bilo vata or Kedaru sa bilo vata . Usually said as a joke by a man to a woman “Let’s share the same cup” It implies that they have much in common, and should have an intimate relationship. 17. vakabilo (Literally translated as “S/he has a cup.” It means that someone has occult powers derived from pouring a cup of yaqona (kava) to an evil spirit. Another meaning of vakabilo in a positive sense is someone of chiefly rank who has been installed by having been given the official cup to drink. The individual has been given the ceremonial cup of yaqona ( vagunuvi ) to the chiefly position s/he has been installed in. 18. Dui seva ga na bua ka tea : Translation: You will reap the bua (frangipani) that you planted. Meaning: You will reap what you sow. (Usually said when something bad happens to someone whose evil/negative behavior may have caused it.) 19. Maca na wai ka boko na buka . Literally translated as “There’s no more water and the fire has gone out” It means that the cupboard is bare in the sense that there is no more kava, tobacco, food etc. 20. vakabula ika levu Literally translated as “The big one (fish) got away”. It means that you missed your big chance. The big fish was saved (by escaping). . 21. kana buta Literally translated as “to eat food that is cooked and ready.” This refers to a person who expects to be fed or rewarded as if he had helped substantially in the work activity. 22. Au butuka tu . Literally translated as “I am standing (on) my ground.” This is a defiant response (said in a good natured way) to someone from another place who is acting with presumption. This might be said by a Vitilevu highlander to someone from the smaller islands, a kai-yanuyanu. 23. butu cala Literally translated as “to put one’s foot on slippery ground.” It means that someone makes a gaffe of impropriety in traditional custom, such as speaking out of turn in a formal situation. C 1. kana cagi Literally translated as “to eat wind!” It means that someone has nothing to eat. 2. tamata vakaicaqe Literally translated as “someone capable of kicking!” It implies that a particular individual is an influential person. Implies that one is rich and powerful. 3. caqe veva Literally translated as “to kick paper around” It means “to fool around, doing nothing.” 4. Sulukui na vudi, e dua e cika? Sulukui na vudi refers to ripening stalks of plantain that are cut and covered with leaves on the ground but they do not deceive the kikau birds. e dua e cika? Does someone have conjunctivitis? (That s/he is not able to see that the ripe plantain are concealed with leaves) It means (in conversation) ,”You are trying to hide something from me as if I cannot see clearly. 5. malumalumu vakacikinovu Literally translated as “looks weak like a centipede.” It means that a man may looks harmless but is dangerous like a centipede, 6. cokacoka na vula . Literally translated as “trying to strike the moon (vula) with a spear.” It means that one is too ambitious, striving for the impossible, This idiom often refers to a person desiring a certain romantic match that is impossible. 7. E dua ga na siga ni cola qele . Literally translated as “It is only one day of carrying soil.” Meaning as expressed in a conversation: “Let’s try hard to finish this work; we surely can finish it today.” 8. curu vale Literally translated as “to enter a house or to sneak into a house. Meaning: To abscond with someone else’s spouse. Refers to a man taking another man’s wife or taking in a mistress. 9. tamata curu -suka Literally translated as “person entering in and out” Meaning: An offender who is regularly in and out of prison. D These two idioms use the word “daba”. It refers to mud lobsters and rock lobster crabs having their seasonal egg bearing plump (with considerable meat) around April. . Sa daba o iko! Meaning: “You’re awesome, you’re great!” 2. Sa daba! Meaning: “That’s marvelous” 3. vaka e cavu na dalo matua . Literally translated as ‘like mature taro being pulled out of the ground easily.” It means that something is done easily and quickly. 4. Na dalo e tei ka vakasulina . Literally translated as “Taro is planted and has suckers.” It means that a woman has responsible, caring parents who must be approached traditionally by a suitor seeking her hand in marriage. 5. kena na isamu ni dawa . Literally translated as “S/he has been struck by the projectile used to bring down lychee fruits from the tree.” It means that someone has suffered from someone else’s actions. . 6. Tara na dike ni niu qai kevu . Literally translated as “touched the ‘dike’, the central branch of a bunch of coconuts then fell.” This assumes that someone climbed a coconut tree (to get coconuts) but quit the effort after reaching close to the (dike) goal. It means that someone did not accomplish what he set out to do. 7. vakuli-ni-dilo: Literally translated as ‘like the bark of a dilo tree. (Dilo is a seaside tree used for making wooden drums, furniture, boat keel) It means that a man is very strong, implying that he is not easily hurt and having tough skin. 8. waiwai dilo : Literally translated as “dilo oil.” (The dilo tree has nuts that is used for oil for body massage.) It means “to sweet -talk someone to get what is wanted.” 9. Na nomu dodomo sa vaka e dua na tiaina dreu . Literally translated as “Your love is like a ripe banana.” It means that it is ‘puppy love’. It won’t last. 10. dramica na vusi Literally translated as, “The cat licked it up” It means that some food or item is so relished / desirable that it disappeared quickly, or something has been stolen secretly. 11. Sa dre ko Malolo . Literally translated as, “Malolo is pulling” or “The sun is setting.” (Malolo Island is in the west of Vitilevu Island, off the coast of Nadi). It may mean that something is coming to an end. It can also mean that time is being wasted in idleness. 12. Dromu na vula, dromu vata kei na kena kalokalo . Literally translated as. “The moon sets and its star sets with it.” It means that the death of one individual can quickly bring on the death of a spouse, close relative or associate. 13. Dua mai keri! Literally translated as “Your turn!” (to speak, tell a story, entertain the group). This is said by someone, in a pleasant tone, who has just finished telling a yarn. 14. Dui mate ga ena nona ucu ni vatu . Literally translated as “Each person is ready to die defending his home territory.” It means that there is a close attachment to the land and when cornered, a Fijian will fight to the death. 15. ucu mai duru : Literally translated as “Taking out of the knee” or “Like a nose growing out of the knee. It means that it is fiction, unbelievable, a tall tale. F & G 1. Meca i a fika ga, or Meca qo na fika ga . Literally translated as, “The thing is to think it through” It means that ‘things will be done or solved in due time (by hook or by crook!) 2. sili vaka ga (siliva vaka maina) Literally translated as “to bathe like a duck or a mynah bird” Usually said to a child who takes a quick, superficial bath, not bathing properly. 3. dau gasa yawa Literally translated as “always wanting something that is inaccessible.” This is often said of an individual who stays away from home, feeling more comfortable elsewhere. 4. Daru qai laki sota ki na gasau leka . Literally translated as, “We will meet next at the place where the short reed grows (at Bua, supposedly the jumping -off place to the next world, after death). It means that we are not likely to meet again 5. silima na gau ni dali Literally translated as “to dive for the middle (rather than the end) of a rope fallen in the water.” It means that someone intrudes in a conversation. 6. Mo muria na nomu gaunisala . Literally translated as “You should follow your appropriate path .It means that one is to follow proper protocol, as in the formalities of entering a village, or approaching a chief. K 1. vakaseuta na bure ni kadi Literally translated as “to scratch into an ant’s nest” It means “to stir up trouble.” 2. Sa kala na matanisiga . Literally translated as “The sun is setting.” It means that someone is getting old. 3. matai via kana vuaka . Literally translated as “The carpenter who wants to eat pork” It refers to a person who might pretend to be hard working and skilled but is only interested in how the work is rewarded. 4. Sa kua la na kana! Literally translated as “I do not feel like eating.” It implies playful flattering words said to a pretty girl. It implies that she is so pretty that an admirer looking at her has filled his stomach up that he does not feel like eating. . Kana, kana! Ka o lakova mai . Literally translated as “Eat, eat! That’s what you came for.” Usually said when teasing a friend who is passing by during a meal and is invited to join in.]"
idiom,idiom_literal,idiom|idioms|000040|literal,Fijian Idioms - Copy.txt,fj,en,fj->en,"Vosa mada o iko, e rovu e liu na batimu","[Literal Translation:Please go ahead and talk, because your teeth sprouted first. ] [Meaning:The expression is usually said in jest when two people talk at the same time. One will say, Please go ahead and speak. You are my elder. Your teeth sprouted first]"
idiom,idiom_literal,idiom|idioms|000040|literal,Fijian Idioms - Copy.txt,fj,en,fj->en,Vunibaka ga sa tevoro,[Literal Translation:The banyan tree is the devil!] [Meaning:that a big person may on first impression look very impressive but beware as he can be dangerous too.]
idiom,idiom_literal,idiom|idioms|000040|literal,Fijian Idioms - Copy.txt,fj,en,fj->en,waiwai dilo,[Literal Translation:dilo oil. (The dilo tree has nuts that is used for oil for body massage.)] [Meaning:to sweet-talk someone to get what is wanted.]
idiom,idiom_literal,idiom|idioms|000040|literal,Fijian Idioms - Copy.txt,fj,en,fj->en,were ubiubi,"[Literal Translation:to fake the work of cutting grass, weeds, by just knocking vegetation down to lie against the ground] [Meaning:To pretend to work. This idiom may imply that someone is not telling the whole story, that they are concealing some truth.]"
idiom,idiom_literal,idiom|idioms|000040|literal,Fijian Idioms - Copy.txt,fj,en,fj->en,Yavita dole na mataisau,[Literal Translation:to club the carpenter prematurely] [Meaning:To judge a job prematurely before the work has been completed.]
